{"docstore/metadata": {"9cde66f4-dee5-48d1-b212-836e7e529b23": {"doc_hash": "0542c8bbb36d03c61c7f489a827ef72ef111089a7fe5389e3fdb811b6575cd3e"}, "927fa8a8-44bf-45c4-9de8-2682b9efe3ef": {"doc_hash": "0542c8bbb36d03c61c7f489a827ef72ef111089a7fe5389e3fdb811b6575cd3e", "ref_doc_id": "9cde66f4-dee5-48d1-b212-836e7e529b23"}}, "docstore/data": {"927fa8a8-44bf-45c4-9de8-2682b9efe3ef": {"__data__": {"id_": "927fa8a8-44bf-45c4-9de8-2682b9efe3ef", "embedding": null, "metadata": {"file_path": "/Users/zeman/zemsky-old-model/data/raw_data.txt", "file_name": "raw_data.txt", "file_type": "text/plain", "file_size": 932, "creation_date": "2024-11-11", "last_modified_date": "2024-11-11"}, "excluded_embed_metadata_keys": ["file_name", "file_type", "file_size", "creation_date", "last_modified_date", "last_accessed_date"], "excluded_llm_metadata_keys": ["file_name", "file_type", "file_size", "creation_date", "last_modified_date", "last_accessed_date"], "relationships": {"1": {"node_id": "9cde66f4-dee5-48d1-b212-836e7e529b23", "node_type": "4", "metadata": {"file_path": "/Users/zeman/zemsky-old-model/data/raw_data.txt", "file_name": "raw_data.txt", "file_type": "text/plain", "file_size": 932, "creation_date": "2024-11-11", "last_modified_date": "2024-11-11"}, "hash": "0542c8bbb36d03c61c7f489a827ef72ef111089a7fe5389e3fdb811b6575cd3e", "class_name": "RelatedNodeInfo"}}, "text": "Pelanggan: Halo, saya ingin bertanya, nomor 021 1356 886 ini milik siapa?\n\nVoicebot: Baik Kak untuk membantu mencari informasi pemilik nomor telepon 021 1356 886, apakah Kakak memiliki tambahan informasi seperti waktu telpon atau informasi lainnya?\n\nPelanggan: Oh, nomornya menghubungi saya kemarin sekitar jam 5 sore. Saya cuma ingin tahu saja siapa pemiliknya.\n\nVoicebot: Baik Kak, Terima kasih untuk informasinya. Kami akan melakukan pencarian lebih lanjut. Mohon tunggu sebentar.\n\nPelanggan : Siap kak\n\nVoicebot: Kami telah menemukan informasi terkait nomor tersebut. Berdasarkan pencarian nomor 021 1356 886 mungkin dimiliki oleh Bapak Budi yang beralamat di area Tebet, Jakarta. Apakah informasi ini cukup membantu?\n\nPelanggan: Iya cukup membantu. Terima kasih ya\n\nVoicebot: Dengan senang hati kak. Kalau ada pertanyaan lain atau butuh bantuan lebih lanjut jangan ragu untuk menghubungi kami lagi. Semoga harinya menyenangkan.", "mimetype": "text/plain", "start_char_idx": 0, "end_char_idx": 932, "text_template": "{metadata_str}\n\n{content}", "metadata_template": "{key}: {value}", "metadata_seperator": "\n", "class_name": "TextNode"}, "__type__": "1"}}, "docstore/ref_doc_info": {"9cde66f4-dee5-48d1-b212-836e7e529b23": {"node_ids": ["927fa8a8-44bf-45c4-9de8-2682b9efe3ef"], "metadata": {"file_path": "/Users/zeman/zemsky-old-model/data/raw_data.txt", "file_name": "raw_data.txt", "file_type": "text/plain", "file_size": 932, "creation_date": "2024-11-11", "last_modified_date": "2024-11-11"}}}}